,keywords
0,Forklift hire
1,Forklift sales
2,Disability access
3,Disability ramps
4,Wheelchair access ramps
5,Portable buildings
6,Prefabricated homes
7,Prefabricated buildings
8,Granny flats
9,Transportable buildings
10,Plumbers
11,Pest Control
12,Electricians
13,Blinds
14,Tyres
15,Auto Electricians
16,Criminal Lawyers
17,Awnings
18,Handyman Services
19,Fencing Contractors
20,Bathroom Renovations
21,Homewares
22,Auto Parts
23,Financial Planning
24,Timber Supplies
25,Diesel Mechanics
26,Swimming Pool Builders
27,Concreters
28,Roof Restorations & Repairs
29,Gas Fitters
30,Physiotherapists
31,Transport Services
32,Doors
33,Trade Supplies
34,Batteries
35,Hardware Stores
36,Panel Beaters
37,Cabinet Makers
38,private flights
39,Landscapers
40,Truck & Bus Repairs
41,Deck Builders
42,Security Doors & Screens
43,Hot Water Systems
44,Aluminium Windows
45,Carpenters
46,Solar Power Systems
47,Printing Services
48,Appliance Retailers
49,Lawn Mowers
50,Roofing Contractors